1,Timmi Hallbird,thallbird0@issuu.com,1516918752,1518435671
2,Cash Fessions,cfessions1@dailymotion.com,1514941654,1516456596
3,Gaspar Tweedy,gtweedy2@jugem.jp,1521890094,1523411984
4,Giuditta Keysall,gkeysall3@mac.com,1521424673,1522946098
5,Elita Gonzalo,egonzalo4@ameblo.jp,1522135550,1523657686
6,Coleman Scholig,cscholig5@webnode.com,1522183827,1523706011
7,Amalita Blance,ablance6@alexa.com,1529887059,1531416946
8,Rosabelle Crutcher,rcrutcher7@state.tx.us,1525810597,1527336408
9,Lilia Shewsmith,lshewsmith8@squarespace.com,1517539090,1519056629
10,Kaine Wellman,kwellman9@woothemes.com,1521972261,1523494233
11,Hilda Bennedick,hbennedicka@craigslist.org,1525496653,1527022150
12,Loella Skegg,lskeggb@edublogs.org,1521097573,1522618671
13,Rafa Boscher,rboscherc@msu.edu,1524288059,1525812347
14,Mychal Pecht,mpechtd@washington.edu,1521417550,1522938968
15,Friedrick De la Yglesia,fdee@foxnews.com,1515025145,1516540170
16,Harlan Petz,hpetzf@dailymail.co.uk,1515159688,1516674848
17,Maegan Scowcraft,mscowcraftg@cam.ac.uk,1528835213,1530364048
18,Adelle Ludovico,aludovicoh@nps.gov,1528598158,1530126756
19,Annmarie Hutcheson,ahutchesoni@lycos.com,1519404843,1520924248
20,Rosco McReedy,rmcreedyj@furl.net,1522167991,1523690159
21,Kippar Featenby,kfeatenbyk@google.it,1525840144,1527365984
22,Tabbitha Bucke,tbuckel@yandex.ru,1517637135,1519154772
23,Bobby Cutchie,bcutchiem@accuweather.com,1524181379,1525705560
24,Fields Snepp,fsneppn@xing.com,1530292566,1531822859
25,Giana Valti,gvaltio@yahoo.co.jp,1522501482,1524023983
26,Orsa Doxey,odoxeyp@hc360.com,1516166208,1517682374
27,Audy Gradon,agradonq@shop-pro.jp,1528064453,1529592517
28,Salvidor Vowels,svowelsr@dmoz.org,1522244178,1523766422
29,Rosalinda Dechelle,rdechelles@admin.ch,1528085863,1529613949
30,Stefano Klugel,sklugelt@guardian.co.uk,1520199646,1521719846
31,Tan Iltchev,tiltchevu@mapquest.com,1522954231,1524477185
32,Yorke Van der Son,yvanv@businessinsider.com,1515699251,1517214950
33,Lemar Leyre,lleyrew@sciencedaily.com,1528982033,1530511015
34,Brandy Matityahu,bmatityahux@samsung.com,1520420965,1521941386
35,Claudette Hammer,chammery@cnet.com,1515462690,1516978153
36,Stephi Papes,spapesz@disqus.com,1524960251,1526485211
37,Sibella Haugg,shaugg10@redcross.org,1527096544,1528623641
38,Ilka Bradden,ibradden11@washington.edu,1525094712,1526619807
39,Tisha O'Brien,tobrien12@technorati.com,1515210547,1516725758
40,Meryl Streetfield,mstreetfield13@geocities.com,1519223731,1520742955
41,Mavra Timewell,mtimewell14@reuters.com,1516318110,1517834428
42,Ula Warbey,uwarbey15@fc2.com,1529508564,1531038073
43,Xerxes Jeandet,xjeandet16@merriam-webster.com,1523484900,1525008385
44,Arch Rivalant,arivalant17@sbwire.com,1515474379,1516989853
45,Franny Dulieu,fdulieu18@devhub.com,1521632453,1523154085
46,Bettine McLleese,bmclleese19@topsy.com,1523823978,1525347802
47,Aguistin Flippini,aflippini1a@cnet.com,1517034182,1518551216
48,Berty Dillistone,bdillistone1b@cbslocal.com,1526321244,1527847565
49,Emory Dack,edack1c@digg.com,1520153681,1521673835
50,Joan Cicccitti,jcicccitti1d@nydailynews.com,1519933017,1521452950
51,Beret Martel,bmartel1e@angelfire.com,1519835210,1521355045
52,Barbette Vineall,bvineall1f@51.la,1518270515,1519788786
53,Bambie Wheadon,bwheadon1g@theglobeandmail.com,1522315522,1523837838
54,Dory Child,dchild1h@bing.com,1524880796,1526405677
55,Lancelot Brockhurst,lbrockhurst1i@woothemes.com,1518242359,1519760601
56,Domenic Cutforth,dcutforth1j@amazonaws.com,1523900513,1525424414
57,Tadd Riedel,triedel1k@rambler.ru,1518961269,1520480230
58,Arney Wimbridge,awimbridge1l@nifty.com,1519077246,1520596323
59,Garwin Langthorne,glangthorne1m@tiny.cc,1518184854,1519703039
60,Truman Jearum,tjearum1n@printfriendly.com,1528064614,1529592679
61,Ally Faragan,afaragan1o@wp.com,1518158962,1519677121
62,Gaspar Caherny,gcaherny1p@china.com.cn,1529403378,1530932781
63,Emory Lunt,elunt1q@discovery.com,1515625784,1517141410
64,Darlleen Lissandrini,dlissandrini1r@pbs.org,1519983041,1521503024
65,Codi Bock,cbock1s@yelp.com,1527476199,1529003675
66,Johnnie Cruces,jcruces1t@buzzfeed.com,1515850682,1517366533
67,Manya Fipp,mfipp1u@irs.gov,1519907253,1521427160
68,Isabeau Robert,irobert1v@jugem.jp,1515577109,1517092686
69,Caryn Oxlade,coxlade1w@privacy.gov.au,1529121147,1530650268
70,Seka Smelley,ssmelley1x@ycombinator.com,1523083705,1524606789
71,Daria Toulson,dtoulson1y@de.vu,1517856008,1519373864
72,Wright Claughton,wclaughton1z@cbslocal.com,1517753256,1519271009
73,Brinn McPaik,bmcpaik20@baidu.com,1520057354,1521577411
74,Aristotle Swainsbury,aswainsbury21@ycombinator.com,1518453144,1519971597
75,Freeman Mackleden,fmackleden22@hatena.ne.jp,1526842726,1528369569
76,Carlyle Gabbitis,cgabbitis23@smh.com.au,1517231977,1518749209
77,Mayor Matthew,mmatthew24@marketwatch.com,1524951013,1526475964
78,Marlin Couvert,mcouvert25@omniture.com,1528719749,1530248469
79,Gale Capponer,gcapponer26@dailymotion.com,1520532236,1522052768
80,Vanna Fenech,vfenech27@vinaora.com,1516079988,1517596068
81,Ranna Truter,rtruter28@telegraph.co.uk,1528105912,1529634018
82,Gilda Scarratt,gscarratt29@rediff.com,1528819394,1530348213
83,Mollee Langmead,mlangmead2a@ifeng.com,1520736214,1522256950
84,Marcia Russan,mrussan2b@quantcast.com,1519653848,1521173502
85,Gary Mapholm,gmapholm2c@lycos.com,1524033571,1525557605
86,Jarred McNelly,jmcnelly2d@utexas.edu,1530036933,1531566970
87,Dinah Derx,dderx2e@huffingtonpost.com,1515169118,1516684287
88,Elissa Kik,ekik2f@sina.com.cn,1524947263,1526472210
89,Benita O'Corrin,bocorrin2g@marketwatch.com,1523430128,1524953558
90,Dalis Mathivon,dmathivon2h@disqus.com,1523177631,1524700809
91,Cheryl Yarr,cyarr2i@ox.ac.uk,1525162827,1526687990
92,Estrellita Lornsen,elornsen2j@unicef.org,1529610009,1531139619
93,Kakalina Caberas,kcaberas2k@apache.org,1525754145,1527279899
94,Nalani Poyner,npoyner2l@t-online.de,1516531759,1518048291
95,Frazier Hendriksen,fhendriksen2m@accuweather.com,1522809548,1524332358
96,Hyacinth Domini,hdomini2n@scientificamerican.com,1524609551,1526134161
97,Redford Grube,rgrube2o@sfgate.com,1516797445,1518314242
98,Sonni Goude,sgoude2p@themeforest.net,1516774823,1518291598
99,Selina Mableson,smableson2q@a8.net,1518010489,1519528499
100,Nikola Barthram,nbarthram2r@networkadvertising.org,1522842939,1524365782
101,Ludovika Dopson,ldopson2s@utexas.edu,1519368840,1520888209
102,Roman Flett,rflett2t@prweb.com,1526051204,1527577255
103,Garland Barrie,gbarrie2u@wix.com,1526690373,1528217063
104,Konstance Chelam,kchelam2v@nih.gov,1527358250,1528885608
105,Lusa Deare,ldeare2w@joomla.org,1527691440,1529219131
106,Antoni Brameld,abrameld2x@people.com.cn,1526708082,1528234790
107,Stephanus MacNish,smacnish2y@sogou.com,1522663157,1524185820
108,Murielle Cottell,mcottell2z@amazon.co.uk,1528806690,1530335497
109,Fae Pellamont,fpellamont30@friendfeed.com,1524252373,1525776625
110,Caesar Kershaw,ckershaw31@constantcontact.com,1526092091,1527618183
111,Viviyan Kydde,vkydde32@infoseek.co.jp,1516231896,1517748128
112,Kelsy Treadgold,ktreadgold33@lycos.com,1522463960,1523986424
113,Rayner MacKaig,rmackaig34@rambler.ru,1517304238,1518821542
114,Ileane Mealham,imealham35@mail.ru,1518905068,1520423973
115,Alvin Pettyfer,apettyfer36@un.org,1527021393,1528548414
116,Pennie Haste,phaste37@icio.us,1527048004,1528575052
117,Livvy Baake,lbaake38@loc.gov,1520086030,1521606116
118,Neile Woodbridge,nwoodbridge39@usda.gov,1517154299,1518671453
119,Flore Mitchelmore,fmitchelmore3a@123-reg.co.uk,1529084530,1530613615
120,Jobyna Zincke,jzincke3b@ucsd.edu,1519185288,1520704473
121,Jephthah McBain,jmcbain3c@wordpress.org,1525799406,1527325205
122,Vikky Yann,vyann3d@oracle.com,1517613153,1519130766
123,Hyacintha Dauncey,hdauncey3e@woothemes.com,1517248937,1518766186
124,Abie Foyston,afoyston3f@acquirethisname.com,1522777792,1524300570
125,Nelly Silverman,nsilverman3g@youtube.com,1515498725,1517014224
126,Nerti Hun,nhun3h@patch.com,1518822999,1520341822
127,Bianca Vedyasov,bvedyasov3i@squarespace.com,1522038464,1523560502
128,Clark Quainton,cquainton3j@dot.gov,1525766379,1527292145
129,Dmitri Benettolo,dbenettolo3k@hibu.com,1517573622,1519091196
130,Myrlene Caldecot,mcaldecot3l@apache.org,1517501669,1519019171
131,Raye Horwell,rhorwell3m@opensource.org,1517039335,1518556374
132,Pen Conkey,pconkey3n@about.com,1529248798,1530778047
133,Donavon Peachment,dpeachment3o@goo.gl,1522497538,1524020036
134,Felicdad Hawgood,fhawgood3p@unicef.org,1519889866,1521409756
135,Orella Drinkall,odrinkall3q@moonfruit.com,1523537279,1525060816
136,Artair Chasle,achasle3r@newsvine.com,1520441995,1521962437
137,Germain Stormonth,gstormonth3s@elpais.com,1530281621,1531811903
138,Gill Prattin,gprattin3t@simplemachines.org,1520632019,1522152651
139,Findlay Salmon,fsalmon3u@blogger.com,1527767280,1529295047
140,Piggy Camplen,pcamplen3v@cnbc.com,1524695027,1526219722
141,Marina Torn,mtorn3w@boston.com,1521353915,1522875269
142,Bern Botly,bbotly3x@4shared.com,1517185082,1518702267
143,Humfried Cardon,hcardon3y@wp.com,1522971884,1524494856
144,Tucky Pedler,tpedler3z@comcast.net,1518619328,1520137947
145,Zachery Thiese,zthiese40@si.edu,1528540143,1530068683
146,Dorita Lidgate,dlidgate41@storify.com,1524077917,1525601995
147,Phil Bilam,pbilam42@baidu.com,1529129648,1530658778
148,Merill Janku,mjanku43@reverbnation.com,1521019643,1522540663
149,Keenan Casa,kcasa44@eepurl.com,1524789340,1526314129
150,Noble Bogace,nbogace45@mashable.com,1529301750,1530831052
151,Sydney Laming,slaming46@bluehost.com,1525811456,1527337267
152,Elfrieda Grieve,egrieve47@yellowpages.com,1517902960,1519420863
153,Elvin Pelham,epelham48@uol.com.br,1516841675,1518358517
154,Vergil Rickeard,vrickeard49@gravatar.com,1521856463,1523378319
155,Annice Bugge,abugge4a@patch.com,1523270919,1524794190
156,Cecilla Costen,ccosten4b@google.com,1515074005,1516589079
157,Ange Gammie,agammie4c@livejournal.com,1515196059,1516711255
158,Carolyne Brymham,cbrymham4d@redcross.org,1519539508,1521059048
159,Kassandra Baldwin,kbaldwin4e@princeton.edu,1527960448,1529488408
160,Leann Partridge,lpartridge4f@hostgator.com,1525297250,1526822547
161,Marrilee Farry,mfarry4g@ucsd.edu,1515340585,1516855926
162,Rosalinda Hillborne,rhillborne4h@google.com.hk,1517782979,1519300762
163,Shandra Blackader,sblackader4i@rediff.com,1518985554,1520504540
164,Lynette Tombleson,ltombleson4j@huffingtonpost.com,1525851204,1527377055
165,Ross Kenewel,rkenewel4k@hc360.com,1529388848,1530918237
166,Leisha Lindhe,llindhe4l@cisco.com,1522801990,1524324792
167,Dewie Moger,dmoger4m@so-net.ne.jp,1525361274,1526886635
168,Vanya Bushell,vbushell4n@ocn.ne.jp,1519244647,1520763892
169,Maridel Playdon,mplaydon4o@ow.ly,1527344845,1528872190
170,Rey Beaton,rbeaton4p@dropbox.com,1519023001,1520542024
171,Bernice MacPike,bmacpike4q@unesco.org,1514827743,1516342571
172,Nealy Beels,nbeels4r@gravatar.com,1521485077,1523006562
173,Gigi Pideon,gpideon4s@cam.ac.uk,1525917316,1527443233
174,Currey Craine,ccraine4t@netscape.com,1514964378,1516479342
175,Cherey Meads,cmeads4u@wsj.com,1519353141,1520872494
176,Findley Batte,fbatte4v@geocities.jp,1523717794,1525241512
177,Auguste Sergison,asergison4w@blogger.com,1528548647,1530077196
178,Carey Gouldbourn,cgouldbourn4x@imageshack.us,1517549530,1519067080
179,Cathlene Haverson,chaverson4y@canalblog.com,1523057731,1524580789
180,Josefa Saxon,jsaxon4z@wikipedia.org,1522138480,1523660618
181,Florrie Parkeson,fparkeson50@shop-pro.jp,1524865056,1526389921
182,Shandie De Bellis,sde51@gnu.org,1524993114,1526518107
183,Raquela Britee,rbritee52@behance.net,1525482294,1527007776
184,Xylia McColgan,xmccolgan53@aboutads.info,1516211960,1517728172
185,Tawnya Ibbitt,tibbitt54@pbs.org,1515875705,1517391581
186,Allix Leyshon,aleyshon55@photobucket.com,1519798803,1521318602
187,Perry Aldersea,paldersea56@ca.gov,1520333759,1521854093
188,Kath Madrell,kmadrell57@unesco.org,1528526381,1530054907
189,Rozamond Denny,rdenny58@about.me,1524819056,1526343875
190,Lyn Tillerton,ltillerton59@last.fm,1524543993,1526068537
191,Fionnula Farquhar,ffarquhar5a@google.it,1516059413,1517575472
192,Deonne Attwoull,dattwoull5b@mayoclinic.com,1527113891,1528641005
193,Twyla Dilloway,tdilloway5c@nyu.edu,1525557442,1527082999
194,Nathanial Osbaldstone,nosbaldstone5d@msu.edu,1523402039,1524925441
195,Shaine Filipczak,sfilipczak5e@ow.ly,1528549284,1530077833
196,Marmaduke Mutter,mmutter5f@cnbc.com,1527448393,1528975841
197,Diandra McChruiter,dmcchruiter5g@mlb.com,1520653030,1522173683
198,Cort Dulling,cdulling5h@flavors.me,1524843468,1526368311
199,Tamiko Wedgwood,twedgwood5i@blinklist.com,1516204795,1517721000
200,Kimbell Blazewicz,kblazewicz5j@answers.com,1523427155,1524950582
201,Veda Gribbin,vgribbin5k@cyberchimps.com,1528666684,1530195351
202,Nowell Ferreri,nferreri5l@yellowpages.com,1519856138,1521375994
203,Dorrie Silkstone,dsilkstone5m@theguardian.com,1521486471,1523007957
204,Mei Welfare,mwelfare5n@businessweek.com,1523381989,1524905371
205,Joaquin Whetnall,jwhetnall5o@reverbnation.com,1524322164,1525846486
206,Misti Guitton,mguitton5p@skype.com,1530386473,1531916859
207,Renato Dineges,rdineges5q@themeforest.net,1515374372,1516889746
208,Sunny Hutsby,shutsby5r@barnesandnoble.com,1524153988,1525678142
209,Kacie Dacca,kdacca5s@cyberchimps.com,1529641317,1531170958
210,Jannelle Culbard,jculbard5t@google.es,1527386281,1528913667
211,Hilary Pennicard,hpennicard5u@answers.com,1524267362,1525791629
212,Shawna Ferrandez,sferrandez5v@amazon.co.jp,1530217807,1531748025
213,Johna Puddefoot,jpuddefoot5w@is.gd,1514992348,1516507340
214,Yelena Cuttler,ycuttler5x@sfgate.com,1526874502,1528401377
215,Bayard Slott,bslott5y@nhs.uk,1523151805,1524674957
216,Dickie Pestridge,dpestridge5z@angelfire.com,1521112964,1522634077
217,Gualterio Kynge,gkynge60@etsy.com,1523285269,1524808554
218,Babara Raven,braven61@wunderground.com,1524709549,1526234259
219,Reynolds Andrusyak,randrusyak62@psu.edu,1522557728,1524080286
220,Robby Kleimt,rkleimt63@ftc.gov,1527072907,1528599980
221,Shaun Chasney,schasney64@elegantthemes.com,1521930572,1523452503
222,Frieda Devonside,fdevonside65@reference.com,1525766007,1527291773
223,Levy Lounds,llounds66@angelfire.com,1529179789,1530708969
224,Frederique Lockart,flockart67@cpanel.net,1529739078,1531268817
225,Wheeler Vurley,wvurley68@newyorker.com,1526413015,1527939428
226,Maggie Oldman,moldman69@discuz.net,1517188423,1518705611
227,Linnet Petris,lpetris6a@tinyurl.com,1518951016,1520469967
228,Gerald Karpeev,gkarpeev6b@exblog.jp,1516015663,1517531679
229,Rica Haddinton,rhaddinton6c@naver.com,1522989647,1524512637
230,Dav Folca,dfolca6d@imgur.com,1529189950,1530719140
231,Yolande Corona,ycorona6e@wisc.edu,1528047190,1529575237
232,Cissiee Dannehl,cdannehl6f@cam.ac.uk,1519181673,1520700855
233,Ryley Elmhurst,relmhurst6g@google.com.hk,1517981117,1519499098
234,Broderic Hazeldean,bhazeldean6h@hexun.com,1518206173,1519724379
235,Myrilla McIlhone,mmcilhone6i@about.me,1515731564,1517247296
236,Ari Rotte,arotte6j@weather.com,1522769310,1524292079
237,Jinny Balsdon,jbalsdon6k@who.int,1528164388,1529692552
238,Kain Dottridge,kdottridge6l@zdnet.com,1521908148,1523430056
239,Nicola Prebble,nprebble6m@bbb.org,1527124491,1528651615
240,Johannah Ciabatteri,jciabatteri6n@diigo.com,1527953019,1529480972
241,Gwyneth Bull,gbull6o@reuters.com,1528058186,1529586244
242,Alec Carlone,acarlone6p@hubpages.com,1529701484,1531231185
243,Grantley Mariotte,gmariotte6q@ed.gov,1518570371,1520088941
244,Kerrin Rennebach,krennebach6r@biglobe.ne.jp,1525189267,1526714456
245,Darrel Mincini,dmincini6s@ovh.net,1526876412,1528403288
246,Royal Yearnsley,ryearnsley6t@sfgate.com,1523252593,1524775846
247,Hilly Gabbett,hgabbett6u@stumbleupon.com,1517156253,1518673409
248,Dniren Barney,dbarney6v@ftc.gov,1514837924,1516352762
249,George Abramovic,gabramovic6w@apache.org,1529300151,1530829451
250,Kylie Laxen,klaxen6x@vkontakte.ru,1522522956,1524045479
251,Vanessa Gilhouley,vgilhouley6y@webs.com,1526440556,1527966997
252,Sybilla Barrington,sbarrington6z@phoca.cz,1526106348,1527632454
253,Carolann Baison,cbaison70@microsoft.com,1526490799,1528017290
254,Bibbie Ashmole,bashmole71@bbb.org,1517130085,1518647215
255,Analise Slyde,aslyde72@phpbb.com,1529039671,1530568711
256,Eulalie Rapier,erapier73@huffingtonpost.com,1528742728,1530271471
257,Betta Kainz,bkainz74@senate.gov,1523735284,1525259019
258,Tucker Ribbon,tribbon75@bloglovin.com,1515017825,1516532843
259,Analise Flanders,aflanders76@dyndns.org,1528692914,1530221607
260,Rolf Somerbell,rsomerbell77@t.co,1517467121,1518984588
261,Chadd MacCahey,cmaccahey78@bluehost.com,1527073795,1528600869
262,Bekki Macura,bmacura79@blogtalkradio.com,1522115006,1523637121
263,Dorie Berthelet,dberthelet7a@wikipedia.org,1520886430,1522407316
264,Even Isacoff,eisacoff7b@usa.gov,1517281397,1518798678
265,Hyman Brunton,hbrunton7c@digg.com,1522189014,1523711203
266,Meara Bompas,mbompas7d@imgur.com,1516566274,1518082840
267,Axel Battershall,abattershall7e@amazonaws.com,1517460345,1518977805
268,Ethel Behnecke,ebehnecke7f@shutterfly.com,1526248749,1527774998
269,Jorrie Peare,jpeare7g@webs.com,1516275395,1517791670
270,Shaughn Newlands,snewlands7h@hao123.com,1525568819,1527094388
271,Claudian Clarkson,cclarkson7i@nydailynews.com,1518411533,1519929945
272,Willy Hefferon,whefferon7j@booking.com,1517254398,1518771652
273,Karoly Adamson,kadamson7k@mapquest.com,1525644008,1527169652
274,Ricky Bulpitt,rbulpitt7l@cbsnews.com,1523324705,1524848030
275,Jeralee Midlar,jmidlar7m@reference.com,1528814438,1530343252
276,Frances Sherborn,fsherborn7n@e-recht24.de,1520141777,1521661919
277,Jasmina Gasgarth,jgasgarth7o@senate.gov,1520292091,1521812383
278,Kimmy Pirnie,kpirnie7p@globo.com,1516228097,1517744325
279,Rosy Moulson,rmoulson7q@skyrock.com,1524665542,1526190208
280,Portia Iffe,piffe7r@yale.edu,1525365069,1526890434
281,Wilton Bocken,wbocken7s@tamu.edu,1523534517,1525058052
282,Gilberto Tiddy,gtiddy7t@chronoengine.com,1516557154,1518073711
283,Emlynn Brightling,ebrightling7u@nhs.uk,1517171659,1518688831
284,Justina Rollings,jrollings7v@mail.ru,1519963499,1521483462
285,Ker Powland,kpowland7w@msu.edu,1517294685,1518811980
286,Dyane Southard,dsouthard7x@who.int,1518998517,1520517516
287,Marcelline Benstead,mbenstead7y@squarespace.com,1516762257,1518279019
288,Emma Artiss,eartiss7z@google.ca,1524901321,1526426222
289,Chrisse Hovington,chovington80@a8.net,1518179296,1519697475
290,Aloysius Kubatsch,akubatsch81@cargocollective.com,1518720639,1520239360
291,Esma McAvin,emcavin82@reference.com,1526865999,1528392865
292,Enoch Pikett,epikett83@i2i.jp,1521894824,1523416719
293,Helen-elizabeth Lanmeid,hlanmeid84@bing.com,1523604301,1525127905
294,Bertine Boscott,bboscott85@google.nl,1521290803,1522812094
295,Massimiliano Stoller,mstoller86@miitbeian.gov.cn,1520670257,1522190927
296,Clerc Reichert,creichert87@uiuc.edu,1522406648,1523929055
297,Darcey De Vaux,dde88@dagondesign.com,1526211767,1527737979
298,Irene Tremblet,itremblet89@tripod.com,1521221444,1522742665
299,Frances Beddon,fbeddon8a@reuters.com,1517375056,1518892431
300,Cece Boram,cboram8b@bravesites.com,1516068705,1517584774
301,Annie Escalante,aescalante8c@nytimes.com,1530297714,1531828012
302,Lorant Cromblehome,lcromblehome8d@washington.edu,1516867069,1518383936
303,Hiram Escudier,hescudier8e@mozilla.org,1523091177,1524614268
304,Miguela Divill,mdivill8f@google.nl,1527336283,1528863619
305,Sherry Argyle,sargyle8g@goodreads.com,1528146379,1529674525
306,Kassi Magne,kmagne8h@ucoz.ru,1515110755,1516625866
307,Lizette Platt,lplatt8i@marriott.com,1525562265,1527087827
308,Hollie Cammell,hcammell8j@google.cn,1520026044,1521546070
309,Suzie Flintuff,sflintuff8k@google.com.hk,1523196167,1524719363
310,Julian Goforth,jgoforth8l@rakuten.co.jp,1521686701,1523208388
311,Phyllis Noods,pnoods8m@princeton.edu,1525327959,1526853287
312,Dody Molder,dmolder8n@barnesandnoble.com,1526875339,1528402214
313,Laurice Silkston,lsilkston8o@oaic.gov.au,1521356185,1522877541
314,Roseanne Thewys,rthewys8p@fastcompany.com,1515421511,1516936933
315,Jereme Deeks,jdeeks8q@nifty.com,1526674846,1528201521
316,Maryellen Antoniazzi,mantoniazzi8r@sina.com.cn,1520813424,1522334237
317,Libbi Godly,lgodly8s@economist.com,1515076619,1516591696
318,Tessa Fleury,tfleury8t@psu.edu,1527277269,1528804546
319,Adah Waterworth,awaterworth8u@springer.com,1525596754,1527122351
320,Shandra Rospars,srospars8v@wunderground.com,1517689789,1519207479
321,Dulcea Veel,dveel8w@aboutads.info,1519024597,1520543622
322,Rosetta Jendrich,rjendrich8x@mayoclinic.com,1523925530,1525449456
323,Rayshell Littell,rlittell8y@virginia.edu,1520098609,1521618708
324,Gates Ferrie,gferrie8z@va.gov,1528015009,1529543024
325,Stormi Beeho,sbeeho90@amazon.com,1520413607,1521934021
326,Ahmad Heymes,aheymes91@bbc.co.uk,1515284790,1516800075
327,Alessandra Broadis,abroadis92@imageshack.us,1522442646,1523965089
328,Baxy McGuff,bmcguff93@dyndns.org,1529006389,1530535395
329,Leda Burbudge,lburbudge94@yellowbook.com,1516196714,1517712911
330,Quentin Duetschens,qduetschens95@about.com,1529049672,1530578722
331,Daile Strongman,dstrongman96@adobe.com,1524601400,1526126001
332,Bette Fullman,bfullman97@fda.gov,1530333608,1531863942
333,Lilli Chillingworth,lchillingworth98@washington.edu,1528570862,1530099433
334,Caitlin Adriaens,cadriaens99@ihg.com,1516982433,1518499415
335,Justine Norgan,jnorgan9a@artisteer.com,1517798400,1519316198
336,Roxanna Syson,rsyson9b@huffingtonpost.com,1527520113,1529047633
337,Manda MacCaffery,mmaccaffery9c@free.fr,1527192740,1528719933
338,Laurice McMarquis,lmcmarquis9d@cbsnews.com,1528853081,1530381934
339,Nelia Geekie,ngeekie9e@walmart.com,1524522209,1526046731
340,Jorie Tinniswood,jtinniswood9f@photobucket.com,1517563477,1519081040
341,Vittoria Iacovielli,viacovielli9g@newsvine.com,1517684754,1519202439
342,Page Jirka,pjirka9h@sbwire.com,1522175623,1523697799
343,Royal Sanchis,rsanchis9i@ow.ly,1529003203,1530532206
344,Paloma Eyres,peyres9j@homestead.com,1523001897,1524524899
345,Marita Hallihane,mhallihane9k@ed.gov,1517616894,1519134511
346,Robena Feighney,rfeighney9l@live.com,1523151978,1524675130
347,Nancy Donat,ndonat9m@nbcnews.com,1522078223,1523600301
348,Alphonso Belton,abelton9n@marriott.com,1522341576,1523863918
349,Glenn Stollman,gstollman9o@nifty.com,1523619033,1525142652
350,Stacee Dehn,sdehn9p@pen.io,1523961296,1525485257
351,Sarette Emlin,semlin9q@webs.com,1529721307,1531251028
352,Sasha Dinkin,sdinkin9r@symantec.com,1518412487,1519930899
353,Rudiger Charle,rcharle9s@forbes.com,1525067189,1526592256
354,Helene Scarlan,hscarlan9t@slashdot.org,1522061451,1523583512
355,Ikey Jeaycock,ijeaycock9u@freewebs.com,1519203679,1520722883
356,Tandie Loughan,tloughan9v@dagondesign.com,1516699496,1518216195
357,Allis Tremmel,atremmel9w@cdbaby.com,1527975504,1529503480
358,Lacie Govenlock,lgovenlock9x@cloudflare.com,1528942847,1530471790
359,Binni Blaik,bblaik9y@reference.com,1529743247,1531272990
360,Arlette Clubb,aclubb9z@gov.uk,1528549397,1530077946
361,Hermie Batte,hbattea0@xing.com,1522309273,1523831582
362,Leeland Pidon,lpidona1@homestead.com,1525473112,1526998585
363,Craggy Epton,ceptona2@bizjournals.com,1529426617,1530956044
364,Jori Theobald,jtheobalda3@nih.gov,1528144960,1529673105
365,Sharity Margett,smargetta4@businessweek.com,1519813626,1521333440
366,Timothee McBrier,tmcbriera5@cbsnews.com,1522754753,1524277508
367,Karita Golborne,kgolbornea6@ca.gov,1518123836,1519641960
368,Eolande Fedorski,efedorskia7@opensource.org,1527159770,1528686930
369,Karina Griffitts,kgriffittsa8@twitter.com,1520947392,1522468339
370,Ethelyn Robbins,erobbinsa9@china.com.cn,1526060063,1527586123
371,Efren Capsey,ecapseyaa@de.vu,1520124216,1521644340
372,Harriott Laddle,hladdleab@wikispaces.com,1529348276,1530877624
373,Ced Isacke,cisackeac@cargocollective.com,1521308126,1522829434
374,Evie Cockshoot,ecockshootad@shutterfly.com,1529770310,1531300080
375,Friedrick Lazonby,flazonbyae@microsoft.com,1520066107,1521586173
376,Archambault Wadworth,awadworthaf@opera.com,1526774907,1528301682
377,Mac Carvell,mcarvellag@rambler.ru,1530167379,1531697546
378,Guenna Bricham,gbrichamah@pbs.org,1520497702,1522018200
379,Patten Flippini,pflippiniai@wsj.com,1530365631,1531895997
380,Standford Neame,sneameaj@mysql.com,1517807674,1519325482
381,Bette-ann Hucker,bhuckerak@t.co,1524673768,1526198442
382,Tonia Rault,traultal@instagram.com,1518403078,1519921481
383,Gabriell Van der Baaren,gvanam@ucla.edu,1516807767,1518324575
384,Avrom Brugmann,abrugmannan@google.de,1524731202,1526255933
385,Joli Eddie,jeddieao@google.pl,1526792459,1528319251
386,Marguerite Peasee,mpeaseeap@digg.com,1518693847,1520212541
387,Natassia Dumberrill,ndumberrillaq@nationalgeographic.com,1524730497,1526255227
388,Clio Pavie,cpaviear@jigsy.com,1523077903,1524600981
389,Deeyn Figgen,dfiggenas@ihg.com,1519489149,1521008638
390,Worden Branche,wbrancheat@nhs.uk,1516758391,1518275149
391,Erin Stone Fewings,estoneau@gnu.org,1514963844,1516478808
392,Raymund Dzenisenka,rdzenisenkaav@epa.gov,1523544222,1525067766
393,Brana Zanetello,bzanetelloaw@msu.edu,1526366415,1527892781
394,Arlina Lindell,alindellax@vk.com,1528057897,1529585955
395,My Matheson,mmathesonay@paypal.com,1523189984,1524713174
396,Burgess Brudenell,bbrudenellaz@ibm.com,1526504114,1528030618
397,Beatriz Kendrew,bkendrewb0@answers.com,1523269649,1524792919
398,Orin Cicculi,ocicculib1@addthis.com,1519144484,1520663628
399,Janeva Guntrip,jguntripb2@ft.com,1529515034,1531044549
400,Melonie Bernard,mbernardb3@ezinearticles.com,1520848728,1522369577
401,Stanislaus Morecombe,smorecombeb4@com.com,1521857296,1523379153
402,Leland Loeber,lloeberb5@squidoo.com,1524227908,1525752136
403,Liesa Herreran,lherreranb6@github.com,1515399902,1516915302
404,Colver Hayer,chayerb7@jalbum.net,1519332013,1520851345
405,Joe De Mitris,jdeb8@usa.gov,1519755623,1521275379
406,Chlo Rosenstock,crosenstockb9@over-blog.com,1522826367,1524349193
407,Wayne Carlo,wcarloba@howstuffworks.com,1520675831,1522196507
408,Roshelle Phillcock,rphillcockbb@prlog.org,1524538312,1526062850
409,Karylin Liddington,kliddingtonbc@sciencedaily.com,1529041803,1530570845
410,Dukie Renzullo,drenzullobd@latimes.com,1529806744,1531336551
411,Torrin Hayward,thaywardbe@sogou.com,1518015844,1519533860
412,Odette MacRedmond,omacredmondbf@springer.com,1528803184,1530331987
413,Giusto Maneylaws,gmaneylawsbg@cbsnews.com,1515048122,1516563170
414,Rustie Downs,rdownsbh@usatoday.com,1520703375,1522224078
415,Efrem Sked,eskedbi@techcrunch.com,1529468567,1530998036
416,Saunder Clempton,sclemptonbj@google.co.jp,1517585062,1519102647
417,Kali Kamienski,kkamienskibk@posterous.com,1527356732,1528884089
418,Tobit Evert,tevertbl@163.com,1529303491,1530832794
419,Eden Marfield,emarfieldbm@microsoft.com,1515949708,1517465658
420,Alyson Aitkenhead,aaitkenheadbn@yelp.com,1517406985,1518924392
421,Blondell Muller,bmullerbo@shareasale.com,1517362283,1518879645
422,Mandi Weich,mweichbp@oracle.com,1530389544,1531919934
423,Leontyne Waddy,lwaddybq@ovh.net,1516990420,1518507410
424,Erroll MacKowle,emackowlebr@meetup.com,1520199611,1521719811
425,Clem Hannay,channaybs@netscape.com,1520171196,1521691367
426,Oates Savaage,osavaagebt@senate.gov,1516052654,1517568707
427,Lucine Aslum,laslumbu@nsw.gov.au,1526092739,1527618832
428,Janean Allott,jallottbv@google.com.br,1517904929,1519422834
429,Dulsea Pigot,dpigotbw@bing.com,1519774745,1521294520
430,Dorolisa Colledge,dcolledgebx@vinaora.com,1523949130,1525473079
431,Farica Eschalotte,feschalotteby@stumbleupon.com,1515954323,1517470277
432,Demetris Kilfeather,dkilfeatherbz@naver.com,1525286710,1526811997
433,Darda Eves,devesc0@spotify.com,1524582451,1526107033
434,Renell Ormshaw,rormshawc1@imdb.com,1516867789,1518384657
435,Quent Margery,qmargeryc2@ucla.edu,1521079715,1522600795
436,Yvonne Farfoot,yfarfootc3@unesco.org,1526518731,1528045250
437,Reagen Norcock,rnorcockc4@jugem.jp,1520653767,1522174421
438,Tommy Leech,tleechc5@msu.edu,1527433385,1528960818
439,Krissy Lillie,klilliec6@yandex.ru,1523628612,1525152241
440,Rurik OIlier,roilierc7@miitbeian.gov.cn,1521262161,1522783423
441,Wendy Tortoishell,wtortoishellc8@so-net.ne.jp,1515797657,1517313455
442,Giusto Runacres,grunacresc9@pbs.org,1528558575,1530087134
443,Patsy Thow,pthowca@etsy.com,1515950506,1517466457
444,Rakel Baird,rbairdcb@soundcloud.com,1530277936,1531808214
445,Henrieta Foker,hfokercc@economist.com,1516509458,1518025967
446,Emily Madison,emadisoncd@psu.edu,1525211296,1526736507
447,Gibbie Solan,gsolance@cbsnews.com,1520362686,1521883049
448,Drusie Robertis,drobertiscf@elegantthemes.com,1515512888,1517028401
449,Dwain Augur,daugurcg@trellian.com,1523595219,1525118814
450,Myrle Cottle,mcottlech@dailymail.co.uk,1521099346,1522620445
451,Madelina Emery,memeryci@google.co.jp,1519794791,1521314586
452,Benni Krystof,bkrystofcj@wikipedia.org,1524381267,1525905648
453,Murdoch Bugge,mbuggeck@blogspot.com,1530356391,1531886747
454,Florrie Giscken,fgisckencl@tiny.cc,1523321745,1524845067
455,Hermia Dowling,hdowlingcm@squidoo.com,1519081122,1520600203
456,Sammy Fairbard,sfairbardcn@upenn.edu,1526232553,1527758786
457,Greta Arnaldi,garnaldico@archive.org,1522056408,1523578464
458,Ches Newgrosh,cnewgroshcp@statcounter.com,1530187373,1531717560
459,Ebonee Bordessa,ebordessacq@businessweek.com,1517922012,1519439934
460,Currey Harte,chartecr@hibu.com,1516234497,1517750731
461,Red Treweela,rtreweelacs@ezinearticles.com,1514834854,1516349689
462,Jean Extil,jextilct@networksolutions.com,1522924508,1524447433
463,Karol Alentyev,kalentyevcu@virginia.edu,1525983135,1527509118
464,Giles Saturley,gsaturleycv@cocolog-nifty.com,1518079089,1519597168
465,Cristal Hylton,chyltoncw@princeton.edu,1524475109,1525999584
466,Emmi Embling,eemblingcx@nature.com,1528022638,1529550661
467,Hulda Spaughton,hspaughtoncy@elegantthemes.com,1529368093,1530897461
468,Neilla Daleman,ndalemancz@addthis.com,1519438642,1520958081
469,Donia Cristofolo,dcristofolod0@bing.com,1529089224,1530618313
470,Karna Le Marquand,kled1@usgs.gov,1516618697,1518135316
471,Reyna Harbert,rharbertd2@cbslocal.com,1530077389,1531607466
472,Laurie Stormonth,lstormonthd3@photobucket.com,1524170229,1525694399
473,Lauree Tattersill,ltattersilld4@mayoclinic.com,1526366623,1527892990
474,Alleen Lavender,alavenderd5@icio.us,1529241169,1530770410
475,Tristam Dobble,tdobbled6@nsw.gov.au,1523703820,1525227524
476,Cindie Patinkin,cpatinkind7@ed.gov,1526674216,1528200890
477,Hilly Scothron,hscothrond8@prnewswire.com,1523803532,1525327336
478,Marney Pecht,mpechtd9@kickstarter.com,1517972469,1519490441
479,Robinette Cudmore,rcudmoreda@npr.org,1516925869,1518442795
480,Verla Lebond,vlebonddb@bing.com,1517254066,1518771320
481,Lazare Pyzer,lpyzerdc@istockphoto.com,1522025058,1523547083
482,Moshe Ogle,mogledd@virginia.edu,1516616549,1518133166
483,Lanette Scraggs,lscraggsde@fotki.com,1515772820,1517288593
484,Rosy Cleeton,rcleetondf@home.pl,1518466801,1519985268
485,Jonie Stuchbery,jstuchberydg@columbia.edu,1525709986,1527235696
486,Juliette Pomery,jpomerydh@samsung.com,1517684864,1519202549
487,Torr MacCumeskey,tmaccumeskeydi@state.tx.us,1529566056,1531095622
488,Drugi Long,dlongdj@virginia.edu,1527409170,1528936579
489,Lilla Morsom,lmorsomdk@youtu.be,1525677056,1527202733
490,Hollyanne Nolot,hnolotdl@cbc.ca,1515311510,1516826822
491,Cassie Shortall,cshortalldm@quantcast.com,1522326501,1523848828
492,Crystal Spere,csperedn@themeforest.net,1525714972,1527240687
493,Beverie Lempel,blempeldo@gizmodo.com,1524449952,1525974402
494,Kat Labin,klabindp@1und1.de,1518920337,1520439257
495,Victor Kleinschmidt,vkleinschmidtdq@so-net.ne.jp,1522264250,1523786514
496,Silvan Bubb,sbubbdr@patch.com,1515003188,1516518191
497,Israel Potte,ipotteds@digg.com,1516550907,1518067458
498,Noemi Leimster,nleimsterdt@histats.com,1519964260,1521484224
499,Doris Baughn,dbaughndu@java.com,1514953324,1516468277
500,Dietrich Dougal,ddougaldv@dmoz.org,1530023290,1531553313
501,Tallulah McClinton,tmcclintondw@canalblog.com,1528000089,1529528089
502,Ingemar Aynold,iaynolddx@linkedin.com,1523059376,1524582435
503,Kiele Cestard,kcestarddy@wix.com,1517831770,1519349602
504,Bob Brumwell,bbrumwelldz@reddit.com,1527981795,1529509777
505,Donn Bothbie,dbothbiee0@godaddy.com,1518125259,1519643384
506,Sanford McFater,smcfatere1@skyrock.com,1515351782,1516867134
507,Lief Treble,ltreblee2@marriott.com,1519335111,1520854446
508,Sydney Laurand,slaurande3@illinois.edu,1518131758,1519649890
509,Krispin Veasey,kveaseye4@tiny.cc,1525275212,1526800487
510,Scott Prosek,sproseke5@ebay.com,1526512213,1528038725
511,Dolly Melody,dmelodye6@wisc.edu,1518086236,1519604322
512,Francis Sharpe,fsharpee7@macromedia.com,1517745304,1519263049
513,Cara Coughtrey,ccoughtreye8@last.fm,1526057726,1527583784
514,Darb McGilbon,dmcgilbone9@symantec.com,1523210393,1524733603
515,Anton Clohisey,aclohiseyea@photobucket.com,1525293815,1526819109
516,Gweneth Drover,gdrovereb@marketwatch.com,1515514814,1517030329
517,Reilly Ouslem,rouslemec@topsy.com,1521888941,1523410830
518,Elmore Macknish,emacknished@qq.com,1530004524,1531534529
519,Jeffy Portingale,jportingaleee@bandcamp.com,1515618384,1517134002
520,Les Polycote,lpolycoteef@cam.ac.uk,1523102134,1524625236
521,Arturo Klimowski,aklimowskieg@shareasale.com,1518054466,1519572520
522,Benyamin Le Noire,bleeh@hibu.com,1526178582,1527704761
523,Coleman Cutchee,ccutcheeei@edublogs.org,1529839813,1531369653
524,Ravi Butland,rbutlandej@mac.com,1530232287,1531762519
525,Mic Ducket,mducketek@java.com,1516434281,1517950715
526,Kipper Chark,kcharkel@prnewswire.com,1522607295,1524129902
527,Holmes Harnor,hharnorem@123-reg.co.uk,1527728156,1529255884
528,Ernesto Foxworthy,efoxworthyen@blogs.com,1519019527,1520538547
529,Haskell Roughley,hroughleyeo@theguardian.com,1520262133,1521782395
530,Ulrika Bleaden,ubleadenep@rakuten.co.jp,1519725805,1521245531
531,Myrah Starkie,mstarkieeq@soup.io,1514828551,1516343380
532,Lacy Bloys,lbloyser@guardian.co.uk,1520983685,1522504669
533,Sibylla Kinkead,skinkeades@github.io,1527467423,1528994890
534,Loleta Wynn,lwynnet@plala.or.jp,1516683399,1518200082
535,Bernice Blockey,bblockeyeu@jimdo.com,1522668679,1524191348
536,Susanne Raitt,sraittev@bloglovin.com,1528367549,1529895917
537,Gisella Scruton,gscrutonew@live.com,1518757056,1520275813
538,Irwin Glen,iglenex@youtube.com,1517505354,1519022859
539,Marty Tribe,mtribeey@adobe.com,1519078902,1520597981
540,Iseabal Lindeberg,ilindebergez@wisc.edu,1518543919,1520062463
541,Lyda Cray,lcrayf0@phpbb.com,1529840496,1531370336
542,Wake Bleby,wblebyf1@taobao.com,1526377042,1527903419
543,Sonny Hodgen,shodgenf2@redcross.org,1519251325,1520770576
544,Vina Thornley,vthornleyf3@cnn.com,1520916438,1522437354
545,Cyrillus Greaser,cgreaserf4@lycos.com,1517284438,1518801722
546,Lesly Forrester,lforresterf5@princeton.edu,1518232498,1519750730
547,Dewey Dummigan,ddummiganf6@narod.ru,1522787703,1524310491
548,Vinson Mandre,vmandref7@whitehouse.gov,1521351940,1522873292
549,Menard Farady,mfaradyf8@discovery.com,1524252231,1525776483
550,Mariya McBayne,mmcbaynef9@paginegialle.it,1516729804,1518246534
551,Gianni Karolyi,gkarolyifa@mediafire.com,1523247196,1524770443
552,Brigg Hilldrop,bhilldropfb@princeton.edu,1523555327,1525078882
553,Tim Mouth,tmouthfc@4shared.com,1520917186,1522438103
554,Grace Roake,groakefd@sciencedaily.com,1523523969,1525047493
555,Margo Matusiak,mmatusiakfe@wsj.com,1516039002,1517555041
556,Wenonah Rowly,wrowlyff@domainmarket.com,1518634409,1520153043
557,Sydney Lea,sleafg@icio.us,1517142925,1518660068
558,Grenville Dring,gdringfh@wikia.com,1528821896,1530350718
559,Quinn Summerfield,qsummerfieldfi@state.tx.us,1515024209,1516539233
560,Marjorie Eastop,meastopfj@apache.org,1529909004,1531438913
561,Dorena Grzelczak,dgrzelczakfk@constantcontact.com,1516921370,1518438291
562,Shelbi Simonett,ssimonettfl@biblegateway.com,1514929933,1516444863
563,Adela Dungay,adungayfm@cnbc.com,1516637453,1518154090
564,Theodoric Averall,taverallfn@gnu.org,1521968041,1523490009
565,Howie Ramas,hramasfo@freewebs.com,1517296040,1518813336
566,April Lingley,alingleyfp@ftc.gov,1523200128,1524723328
567,Hardy Corsan,hcorsanfq@hp.com,1522693757,1524216451
568,Joceline Tomczak,jtomczakfr@hexun.com,1525895225,1527421120
569,Herman Wrefford,hwreffordfs@myspace.com,1519275327,1520794602
570,Talia Chuck,tchuckft@seesaa.net,1522582762,1524105345
571,Patrice Sotham,psothamfu@zdnet.com,1519555253,1521074808
572,Stinky Mockford,smockfordfv@google.nl,1517952213,1519470165
573,Susanetta Vinden,svindenfw@howstuffworks.com,1526558605,1528085164
574,Caril Eirwin,ceirwinfx@tmall.com,1515966951,1517482918
575,Kaela Johanchon,kjohanchonfy@jimdo.com,1515893782,1517409676
576,Brant Attwool,battwoolfz@shinystat.com,1528623500,1530152123
577,Gabriello Lithcow,glithcowg0@hp.com,1522934054,1524456988
578,Jordan Stapford,jstapfordg1@prnewswire.com,1525883725,1527409609
579,Gustie MacMichael,gmacmichaelg2@virginia.edu,1515692430,1517208122
580,Gare Leggatt,gleggattg3@odnoklassniki.ru,1526469764,1527996234
581,Ashla Andrioletti,aandriolettig4@npr.org,1518513254,1520031767
582,Clarine Upstell,cupstellg5@dropbox.com,1516748493,1518265241
583,Tarrance Lown,tlowng6@bloomberg.com,1525138586,1526663725
584,Ron Gyorffy,rgyorffyg7@webnode.com,1528707215,1530235922
585,Blondelle Evreux,bevreuxg8@sourceforge.net,1520796492,1522317288
586,Eula Littlefair,elittlefairg9@dmoz.org,1522075615,1523597691
587,Allyn Paiton,apaitonga@dot.gov,1528705313,1530234018
588,Ali Ceaser,aceasergb@mapy.cz,1520099485,1521619584
589,Vinni Dugald,vdugaldgc@virginia.edu,1517024006,1518541030
590,Coletta Fayers,cfayersgd@wsj.com,1528838669,1530367508
591,Diana Dahler,ddahlerge@macromedia.com,1518227743,1519745971
592,Bernelle Poker,bpokergf@patch.com,1527778014,1529305792
593,Warden Ilott,wilottgg@nih.gov,1518856421,1520375277
594,Ella Frankcomb,efrankcombgh@dagondesign.com,1524003125,1525527128
595,Farlay Alabastar,falabastargi@tripod.com,1530172072,1531702244
596,Cece Giorgio,cgiorgiogj@merriam-webster.com,1520020028,1521540048
597,Wye Boorer,wboorergk@ibm.com,1515605387,1517120992
598,Allyn Longford,alongfordgl@printfriendly.com,1525341025,1526866366
599,Orlando Chastelain,ochastelaingm@imageshack.us,1523594653,1525118248
600,Milly Metheringham,mmetheringhamgn@tuttocitta.it,1529740139,1531269879
601,Pierrette Filewood,pfilewoodgo@sphinn.com,1525650240,1527175890
602,Stanislaw Goter,sgotergp@pagesperso-orange.fr,1519648097,1521167745
603,Launce Glowach,lglowachgq@google.es,1530066340,1531596406
604,Hattie Bagshawe,hbagshawegr@virginia.edu,1521461047,1522982508
605,Lowell Aubury,lauburygs@purevolume.com,1523398991,1524922390
606,Puff Lindores,plindoresgt@wufoo.com,1518608358,1520126966
607,Bev Cumesky,bcumeskygu@ocn.ne.jp,1526909845,1528436755
608,Eulalie Rodolf,erodolfgv@themeforest.net,1514808472,1516323280
609,Alanna Hurlestone,ahurlestonegw@trellian.com,1527723526,1529251250
610,Enrique Pyson,epysongx@europa.eu,1524369457,1525893826
611,Raff Chevins,rchevinsgy@mlb.com,1524094682,1525618777
612,Elena Hummerston,ehummerstongz@tripadvisor.com,1525839386,1527365225
613,Abdel Thys,athysh0@globo.com,1519614368,1521133982
614,Modestia Lankester,mlankesterh1@pcworld.com,1526431996,1527958428
615,Harlan McCalister,hmccalisterh2@amazon.com,1517126153,1518643279
616,Merilyn Heinz,mheinzh3@joomla.org,1529680542,1531210223
617,Harriett Terron,hterronh4@dagondesign.com,1514876777,1516391654
618,Jackie Cranstoun,jcranstounh5@i2i.jp,1524022920,1525546943
619,Nonna Formie,nformieh6@google.co.jp,1516889941,1518406831
620,Ervin Darkins,edarkinsh7@google.pl,1525172206,1526697378
621,Shela Minter,sminterh8@kickstarter.com,1519147396,1520666543
622,Audry Klaaassen,aklaaassenh9@timesonline.co.uk,1529167457,1530696624
623,Roseline Binley,rbinleyha@ifeng.com,1517241342,1518758583
624,Rolph Vignaux,rvignauxhb@newsvine.com,1522448637,1523971086
625,Paige Sture,psturehc@histats.com,1514952236,1516467188
626,Janetta Boykett,jboyketthd@npr.org,1529415299,1530944714
627,Drud Brill,dbrillhe@geocities.jp,1518802416,1520321218
628,Hetti Auld,hauldhf@slate.com,1524720628,1526245349
629,Emmit Nucci,enuccihg@cargocollective.com,1518866574,1520385441
630,Clayton Lucks,cluckshh@cbslocal.com,1517378972,1518896351
631,Cherish Baumler,cbaumlerhi@cyberchimps.com,1522491106,1524013597
632,Ofilia MacKeller,omackellerhj@skyrock.com,1519924951,1521444876
633,Kennett Hamshere,khamsherehk@phpbb.com,1522373460,1523895833
634,Meris Tatlock,mtatlockhl@columbia.edu,1517814239,1519332053
635,Justin Moverley,jmoverleyhm@elegantthemes.com,1521821151,1523342972
636,Amalia Feuell,afeuellhn@flickr.com,1517064311,1518581375
637,Klement Roizin,kroizinho@about.com,1528756330,1530285086
638,Eydie Bobasch,ebobaschhp@zimbio.com,1529171706,1530700878
639,Marcello Pindar,mpindarhq@wordpress.org,1516334621,1517850956
640,Jacqui Wordley,jwordleyhr@myspace.com,1521799896,1523321696
641,Edith Kepling,ekeplinghs@ebay.co.uk,1527716247,1529243963
642,Arleyne Ioannou,aioannouht@ovh.net,1524819924,1526344744
643,Gail Sharpin,gsharpinhu@diigo.com,1517206025,1518723231
644,Borden Scolding,bscoldinghv@reddit.com,1527415946,1528943362
645,Miranda Blondin,mblondinhw@fda.gov,1522719057,1524241776
646,Willey Mumbray,wmumbrayhx@tiny.cc,1527953848,1529481802
647,Prince Skippings,pskippingshy@omniture.com,1527107982,1528635090
648,Allard Dent,adenthz@skype.com,1521784941,1523306726
649,Patrice Slamaker,pslamakeri0@apple.com,1515818914,1517334733
650,Maxy Purdy,mpurdyi1@51.la,1526178653,1527704832
651,Boy Ogilvie,bogilviei2@123-reg.co.uk,1524026573,1525550600
652,Mitchel Mordaunt,mmordaunti3@cisco.com,1520692110,1522212802
653,Kassey Sherington,ksheringtoni4@clickbank.net,1520111973,1521632085
654,Adiana Newsham,anewshami5@chronoengine.com,1522502301,1524024803
655,Angelo Chatburn,achatburni6@shareasale.com,1524999653,1526524653
656,Flinn Betho,fbethoi7@telegraph.co.uk,1528222687,1529750910
657,Mac Tredger,mtredgeri8@nationalgeographic.com,1521480570,1523002051
658,Ashely Finch,afinchi9@indiegogo.com,1519586685,1521106272
659,Carmelina Dumbar,cdumbaria@accuweather.com,1519374052,1520893426
660,Nevsa Picford,npicfordib@acquirethisname.com,1522671332,1524194003
661,Gladi Iacovides,giacovidesic@naver.com,1529751701,1531281453
662,Wang Jacqueminet,wjacqueminetid@newsvine.com,1520639953,1522160593
663,Benjy Maingot,bmaingotie@simplemachines.org,1527494215,1529021709
664,Cal Merrill,cmerrillif@altervista.org,1528412796,1529941209
665,Harriette Markie,hmarkieig@youku.com,1528187888,1529716076
666,Brigit Snalum,bsnalumih@live.com,1528139170,1529667309
667,Tracy Pashley,tpashleyii@europa.eu,1519780013,1521299793
668,Elisha Treleven,etrelevenij@hp.com,1521514166,1523035680
669,Lauraine Nassy,lnassyik@booking.com,1523302207,1524825509
670,Collie Wackley,cwackleyil@harvard.edu,1516080183,1517596263
671,Sharyl Kaspar,skasparim@umn.edu,1526225049,1527751274
672,Wolf Prosch,wproschin@google.co.jp,1520479922,1522000402
673,Ted Reggiani,treggianiio@illinois.edu,1515424203,1516939627
674,Elsy Kordes,ekordesip@1688.com,1528296022,1529824318
675,Candi Champken,cchampkeniq@miibeian.gov.cn,1528272127,1529800399
676,Elden Macieiczyk,emacieiczykir@qq.com,1526273695,1527799969
677,Bambie Fouch,bfouchis@hao123.com,1520749393,1522270142
678,Christiana Sellman,csellmanit@is.gd,1521909611,1523431521
679,Gabriello Caple,gcapleiu@squidoo.com,1528905562,1530434468
680,Diane Menichelli,dmenichelliiv@ow.ly,1527396609,1528924006
681,Marcellus Ribchester,mribchesteriw@microsoft.com,1518740749,1520259490
682,Jourdan Scurlock,jscurlockix@newsvine.com,1528508310,1530036818
683,Dukie Perring,dperringiy@hostgator.com,1522116785,1523638902
684,Lotte Hasnip,lhasnipiz@woothemes.com,1529435262,1530964697
685,Josefina Bridgement,jbridgementj0@marriott.com,1520036540,1521556577
686,Hogan Ogger,hoggerj1@youtube.com,1524595544,1526120140
687,Bathsheba Belham,bbelhamj2@mac.com,1522634032,1524156666
688,Siward Road,sroadj3@uiuc.edu,1527700061,1529227761
689,Bradan Pavlenko,bpavlenkoj4@china.com.cn,1525274237,1526799511
690,Hillard Crowcombe,hcrowcombej5@aboutads.info,1519064540,1520583605
691,Vanya Simakov,vsimakovj6@ameblo.jp,1527477953,1529005431
692,Jojo Full,jfullj7@gnu.org,1519262327,1520781589
693,Roderich Bloxland,rbloxlandj8@eepurl.com,1516869639,1518386509
694,Sigismund Pasque,spasquej9@discuz.net,1517556458,1519074014
695,Jolene Malenoir,jmalenoirja@mediafire.com,1527832684,1529360517
696,Wendi McAneny,wmcanenyjb@slate.com,1525228579,1526753808
697,Jacky Willishire,jwillishirejc@washingtonpost.com,1515433046,1516948479
698,Yasmin Gemeau,ygemeaujd@sfgate.com,1529780497,1531310277
699,Derril Fryers,dfryersje@list-manage.com,1529158491,1530687649
700,Teddy Frere,tfrerejf@51.la,1516108241,1517624349
701,Celesta Zanicchi,czanicchijg@thetimes.co.uk,1528276279,1529804555
702,Emelia Kalker,ekalkerjh@soup.io,1518596982,1520115579
703,Durante Trousdale,dtrousdaleji@globo.com,1525071001,1526596072
704,Carolus Rowley,crowleyjj@nationalgeographic.com,1518704251,1520222955
705,Madeleine Wasiel,mwasieljk@cloudflare.com,1523790358,1525314148
706,Cirillo Smead,csmeadjl@livejournal.com,1526895024,1528421919
707,Marleah Marsay,mmarsayjm@photobucket.com,1530295555,1531825851
708,Farah Pockett,fpockettjn@go.com,1525749936,1527275686
709,Halley Oley,holeyjo@sciencedaily.com,1525936424,1527462360
710,Kasey O'Mannion,komannionjp@ftc.gov,1519502649,1521022152
711,Ingar Candey,icandeyjq@ebay.co.uk,1522016058,1523538074
712,Juliet Hehl,jhehljr@oracle.com,1518438517,1519956956
713,Beilul Sapson,bsapsonjs@opensource.org,1523580054,1525103634
714,Constantine Mehmet,cmehmetjt@salon.com,1525821385,1527347206
715,Desirae Cordelet,dcordeletju@washington.edu,1522873681,1524396555
716,Aurthur Nucator,anucatorjv@studiopress.com,1528522235,1530050757
717,Eran Revitt,erevittjw@cloudflare.com,1517111600,1518628712
718,Isiahi Keighly,ikeighlyjx@admin.ch,1522035227,1523557262
719,Myrna Ludford,mludfordjy@washington.edu,1517927138,1519445065
720,Damon Farnhill,dfarnhilljz@jigsy.com,1526901087,1528427988
721,Tripp Tibb,ttibbk0@ca.gov,1516605923,1518122529
722,Sheena Ulyatt,sulyattk1@skyrock.com,1524358257,1525882615
723,Kyle Oxteby,koxtebyk2@pbs.org,1521444068,1522965512
724,Gratia Azemar,gazemark3@infoseek.co.jp,1518075123,1519593198
725,Alic Eagling,aeaglingk4@4shared.com,1527238338,1528765576
726,Waiter Loukes,wloukesk5@toplist.cz,1527187514,1528714702
727,Kelby Varne,kvarnek6@webnode.com,1524659203,1526183862
728,Maria Tunesi,mtunesik7@hatena.ne.jp,1518480204,1519998684
729,Flint Reace,freacek8@unc.edu,1528593843,1530122437
730,Sully Jancar,sjancark9@microsoft.com,1528761400,1530290161
731,Cathlene Hamsley,chamsleyka@wunderground.com,1518232661,1519750894
732,Raynell Stolberg,rstolbergkb@amazon.co.jp,1529899628,1531429528
733,Filia Melbourn,fmelbournkc@discovery.com,1519927317,1521447244
734,Lindsy Morgen,lmorgenkd@bloglovin.com,1515674855,1517190530
735,Bessie De Ortega,bdeke@deliciousdays.com,1526909787,1528436697
736,Candie Haldenby,chaldenbykf@dot.gov,1516472304,1517988776
737,Timmi Hallbird,thallbirdkg@gizmodo.com,1516556928,1518073485
738,Meade Skains,mskainskh@wired.com,1523533025,1525056558
739,Chickie Deeble,cdeebleki@is.gd,1524919396,1526444315
740,Wilfred Macguire,wmacguirekj@youtube.com,1527840256,1529368096
741,Buffy Beynkn,bbeynknkk@theglobeandmail.com,1529165152,1530694317
742,Patrice Brokenshaw,pbrokenshawkl@google.es,1519607229,1521126836
743,Orland Pilmoor,opilmoorkm@theatlantic.com,1518405700,1519924106
744,Niel Stowell,nstowellkn@bloomberg.com,1520469675,1521990145
745,Wenonah Walsh,wwalshko@sfgate.com,1516121500,1517637621
746,Yalonda Plover,yploverkp@diigo.com,1525119579,1526644699
747,Jae Noorwood,jnoorwoodkq@umich.edu,1521702045,1523223747
748,Field Dodds,fdoddskr@google.de,1524191004,1525715195
749,Tonie Lorentz,tlorentzks@cdc.gov,1516419059,1517935478
750,Maje Humber,mhumberkt@narod.ru,1527825059,1529352884
751,Rossie Atherton,rathertonku@amazon.co.uk,1528967297,1530496264
752,Kippie McCoy,kmccoykv@skyrock.com,1516465124,1517981589
753,Adelind Stangoe,astangoekw@sfgate.com,1523385592,1524908978
754,Benjamin Messer,bmesserkx@1und1.de,1518082588,1519600671
755,Kinsley Ivankin,kivankinky@indiegogo.com,1515516202,1517031718
756,Boniface Cogle,bcoglekz@answers.com,1523026388,1524549414
757,Dell Belverstone,dbelverstonel0@ihg.com,1517403313,1518920716
758,Nevin Sirmon,nsirmonl1@lycos.com,1526893292,1528420185
759,Jason Olensby,jolensbyl2@lycos.com,1522984289,1524507273
760,Melva Caroli,mcarolil3@oracle.com,1517230501,1518747732
761,Merrick Scrannage,mscrannagel4@cnbc.com,1520782686,1522303469
762,Nike Richley,nrichleyl5@artisteer.com,1520250547,1521770798
763,Roxanna Van Hesteren,rvanl6@mayoclinic.com,1525506292,1527031798
764,Greg MacGeaney,gmacgeaneyl7@harvard.edu,1525509035,1527034544
765,Janith Oliveto,jolivetol8@si.edu,1523811571,1525335383
766,Haze Fairlam,hfairlaml9@bizjournals.com,1520615677,1522136293
767,Ted Beldon,tbeldonla@cocolog-nifty.com,1515335118,1516850453
768,Rolfe Boatwright,rboatwrightlb@rediff.com,1528888781,1530417670
769,Yoshi Lockhurst,ylockhurstlc@flavors.me,1527897964,1529425862
770,Hayyim Ilyasov,hilyasovld@sakura.ne.jp,1520340946,1521861287
771,Britni Lukovic,blukovicle@hp.com,1522039710,1523561750
772,Marguerite Gradly,mgradlylf@phoca.cz,1529462153,1530991615
773,Carl Cuffley,ccuffleylg@intel.com,1525994713,1527520708
774,Amelita Hillen,ahillenlh@mysql.com,1524091879,1525615971
775,Anatola Skellington,askellingtonli@shinystat.com,1529658474,1531188132
776,Fredra Megson,fmegsonlj@tripod.com,1523775445,1525299220
777,Alexander Lyptratt,alyptrattlk@purevolume.com,1524600320,1526124920
778,Chas Nicholes,cnicholesll@behance.net,1523097268,1524620365
779,Lewie Tapp,ltapplm@tmall.com,1520799325,1522320124
780,Ches Rantoull,crantoullln@microsoft.com,1525086791,1526611878
781,Cthrine Avent,caventlo@angelfire.com,1526772521,1528299294
782,Findley Cochran,fcochranlp@baidu.com,1525721982,1527247704
783,Berty Iggo,biggolq@blogger.com,1520970971,1522491942
784,Erin Esplin,eesplinlr@google.com,1522641605,1524164247
785,Stesha Densell,sdensellls@amazon.co.jp,1517845694,1519363540
786,Danice MacEvilly,dmacevillylt@cargocollective.com,1527288316,1528815604
787,Felice Povall,fpovalllu@php.net,1520014567,1521534582
788,Hagan Sibbson,hsibbsonlv@jiathis.com,1524668038,1526192706
789,Rosamond Woodier,rwoodierlw@t.co,1519942771,1521462714
790,Bonnibelle Ream,breamlx@mapquest.com,1526124359,1527650483
791,Dorie Ruffles,drufflesly@reverbnation.com,1527954592,1529482547
792,Worth Simester,wsimesterlz@altervista.org,1529195017,1530724212
793,Gui Hallgarth,ghallgarthm0@prlog.org,1525420297,1526945717
794,Dewie Wilce,dwilcem1@acquirethisname.com,1522310038,1523832348
795,Darsey Eslie,desliem2@yelp.com,1519177579,1520696757
796,Laney Segeswoeth,lsegeswoethm3@squidoo.com,1527210240,1528737450
797,Miriam Blunderfield,mblunderfieldm4@tinypic.com,1525532771,1527058304
798,Berna Marl,bmarlm5@mozilla.com,1520203339,1521723542
799,Charles Haberjam,chaberjamm6@histats.com,1519784206,1521303990
800,Pammi Bloys,pbloysm7@nytimes.com,1516439358,1517955797
801,Coralyn Ecclestone,cecclestonem8@youku.com,1515304711,1516820016
802,Gallagher Gillings,ggillingsm9@walmart.com,1516740729,1518257470
803,Gerti Stiling,gstilingma@google.ru,1528216639,1529744856
804,Kylie Le Fevre,klemb@360.cn,1521066392,1522587458
805,Leeann Banes,lbanesmc@storify.com,1516096381,1517612477
806,Lemar Grayne,lgraynemd@cbslocal.com,1517525457,1519042982
807,Fiorenze Kik,fkikme@plala.or.jp,1516910004,1518426914
808,Flora Lesmonde,flesmondemf@unblog.fr,1526962302,1528489264
809,Erda Cheng,echengmg@businessinsider.com,1514910004,1516424914
810,Nadya McArtan,nmcartanmh@nifty.com,1520249444,1521769693
811,Patrizio MacGillreich,pmacgillreichmi@rambler.ru,1525851202,1527377053
812,Wenda Scrowston,wscrowstonmj@slashdot.org,1518097267,1519615364
813,Hugues Tatersale,htatersalemk@boston.com,1525353900,1526879254
814,Andris McQuaide,amcquaideml@cpanel.net,1530371393,1531901764
815,Mendy Paddick,mpaddickmm@360.cn,1521785554,1523307340
816,Thalia Swale,tswalemn@usa.gov,1528445355,1529973800
817,Garwood Kiddy,gkiddymo@t.co,1518487933,1520006421
818,Juanita L'Hommee,jlhommeemp@example.com,1515382462,1516897844
819,Gail Beltzner,gbeltznermq@theglobeandmail.com,1518450530,1519968981
820,Theo Macauley,tmacauleymr@hatena.ne.jp,1529071823,1530600895
821,Sheffy Hebbs,shebbsms@salon.com,1515724570,1517240295
822,Adrian Matt,amattmt@flickr.com,1519571426,1521090997
823,Virgina Wadly,vwadlymu@sfgate.com,1520134622,1521654757
824,Arte Meaton,ameatonmv@microsoft.com,1521310654,1522831965
825,Curtis Bundock,cbundockmw@intel.com,1525696418,1527222114
826,Willette Gillise,wgillisemx@stumbleupon.com,1528270904,1529799175
827,Bale McIlwaine,bmcilwainemy@digg.com,1520401220,1521921621
828,Bradney Danilov,bdanilovmz@hexun.com,1528571483,1530100054
829,Sari Gornal,sgornaln0@qq.com,1521536216,1523057752
830,Vivi Medeway,vmedewayn1@cdc.gov,1530243084,1531773327
831,Ray Reneke,rreneken2@nature.com,1522600155,1524122755
832,Athene Philipet,aphilipetn3@washington.edu,1519898830,1521418729
833,Urbanus McIlory,umciloryn4@multiply.com,1528033937,1529561971
834,Conant Cammell,ccammelln5@harvard.edu,1525240493,1526765733
835,Glenden Stoodley,gstoodleyn6@imdb.com,1526212486,1527738698
836,Lenee Scattergood,lscattergoodn7@usa.gov,1528696688,1530225385
837,Elbertine Keeffe,ekeeffen8@wp.com,1524325864,1525850190
838,Eydie McCumesky,emccumeskyn9@redcross.org,1522063254,1523585317
839,Dyana Brundall,dbrundallna@desdev.cn,1528516131,1530044647
840,Gale Lockless,glocklessnb@sakura.ne.jp,1525434876,1526960311
841,Denny Villaron,dvillaronnc@theguardian.com,1519802878,1521322681
842,Porter Milham,pmilhamnd@facebook.com,1517752826,1519270579
843,Peg Avramovsky,pavramovskyne@utexas.edu,1514822370,1516337192
844,Bendite Leitch,bleitchnf@w3.org,1520542795,1522063338
845,Urban Jeaneau,ujeaneaung@baidu.com,1515862752,1517378615
846,Aloin Finnick,afinnicknh@ehow.com,1521048183,1522569231
847,Kippie Kollasch,kkollaschni@blogspot.com,1529481272,1531010753
848,Wylie Tran,wtrannj@histats.com,1524023513,1525547537
849,Corenda McWhannel,cmcwhannelnk@alibaba.com,1523184353,1524707537
850,Marla Poolman,mpoolmannl@oakley.com,1519703308,1521223011
851,Pauletta Hamel,phamelnm@sourceforge.net,1519195779,1520714975
852,Jacques Moorerud,jmoorerudnn@biglobe.ne.jp,1528277292,1529805569
853,Michail Stroder,mstroderno@multiply.com,1522114692,1523636807
854,Marne Shankland,mshanklandnp@time.com,1525162827,1526687990
855,Derby Blaszczynski,dblaszczynskinq@desdev.cn,1519796720,1521316517
856,Kale Rucklesse,krucklessenr@list-manage.com,1524252018,1525776270
857,Griffy Jakoub,gjakoubns@vk.com,1520928726,1522449655
858,Malanie Rangeley,mrangeleynt@t.co,1518473342,1519991815
859,Jean Croall,jcroallnu@wired.com,1516699606,1518216306
860,Allie Dewer,adewernv@berkeley.edu,1529913879,1531443793
861,Conney Colenutt,ccolenuttnw@a8.net,1518833166,1520351999
862,Dian Bartolomieu,dbartolomieunx@goo.gl,1529596856,1531126453
863,Bobbee Gibling,bgiblingny@etsy.com,1517266207,1518783473
864,Adaline Alejandri,aalejandrinz@ehow.com,1526202933,1527729136
865,Helsa Sanchiz,hsanchizo0@ezinearticles.com,1523558568,1525082127
866,Brandea Karp,bkarpo1@unicef.org,1528164842,1529693007
867,Bjorn Vernau,bvernauo2@flavors.me,1523376636,1524900013
868,Kingsly Housiaux,khousiauxo3@twitpic.com,1518047231,1519565278
869,Theda Chat,tchato4@chron.com,1523583292,1525106875
870,Tomasine Malthouse,tmalthouseo5@xinhuanet.com,1518393757,1519912151
871,Celie Skupinski,cskupinskio6@kickstarter.com,1528460536,1529988997
872,Tybalt Howden,thowdeno7@accuweather.com,1529647252,1531176899
873,Corette Sandbatch,csandbatcho8@wix.com,1521311315,1522832626
874,Juliane Mutch,jmutcho9@sina.com.cn,1527700782,1529228483
875,Norean Lane,nlaneoa@wisc.edu,1523939226,1525463165
876,Lorianna Nicely,lnicelyob@usnews.com,1516321117,1517837438
877,Claresta Browncey,cbrownceyoc@artisteer.com,1528121966,1529650088
878,Ned Littleover,nlittleoverod@yelp.com,1520460764,1521981225
879,Abrahan Claiden,aclaidenoe@quantcast.com,1524291411,1525815702
880,Lyn Dani,ldaniof@yelp.com,1530290707,1531820998
881,Avram Wetherell,awetherellog@arizona.edu,1522911553,1524434465
882,Edan Tourle,etourleoh@1und1.de,1523255106,1524778361
883,Michel Jeayes,mjeayesoi@tripod.com,1520790191,1522310981
884,Birch McGillreich,bmcgillreichoj@edublogs.org,1523468840,1524992309
885,Killian McCloughlin,kmccloughlinok@sciencedirect.com,1523315678,1524838994
886,Blake McCullum,bmccullumol@hugedomains.com,1525272758,1526798031
887,Alasteir Alywen,aalywenom@youtu.be,1515116036,1516631152
888,Caprice Roskrug,croskrugon@sbwire.com,1528464753,1529993218
889,Dana Pearsey,dpearseyoo@auda.org.au,1518303478,1519821781
890,Caitrin Albin,calbinop@jugem.jp,1522439378,1523961817
891,Guendolen Cohan,gcohanoq@icq.com,1516433979,1517950413
892,Imogene Liggett,iliggettor@infoseek.co.jp,1522932531,1524455464
893,Aimee Wrathall,awrathallos@time.com,1527467498,1528994965
894,Kermit Rostron,krostronot@booking.com,1518456630,1519975087
895,Nikos Chucks,nchucksou@51.la,1526895023,1528421918
896,Amara Hanhard,ahanhardov@who.int,1524405447,1525929852
897,Phyllida Nowakowska,pnowakowskaow@marketwatch.com,1526960002,1528486962
898,Sharity Posnette,sposnetteox@cisco.com,1519662765,1521182428
899,Teresa Lyle,tlyleoy@a8.net,1515565506,1517081072
900,Ardith Schrieves,aschrievesoz@weather.com,1521765447,1523287212
901,Brant Petruk,bpetrukp0@hibu.com,1523910342,1525434252
902,Bobine Sherar,bsherarp1@mashable.com,1515959263,1517475222
903,Chariot Busk,cbuskp2@netlog.com,1520236647,1521756884
904,Elvina Bice,ebicep3@umn.edu,1526986529,1528513516
905,Nichols Hollington,nhollingtonp4@hud.gov,1523623702,1525147326
906,Lynea Andrick,landrickp5@go.com,1521446128,1522967574
907,Yvon Wyllt,ywylltp6@paypal.com,1519242857,1520762100
908,Farly Tringham,ftringhamp7@sohu.com,1524755199,1526279954
909,Levon Weatherby,lweatherbyp8@washington.edu,1524162480,1525686642
910,Wilone D'Enrico,wdenricop9@alibaba.com,1522682848,1524205531
911,Devonna Conville,dconvillepa@japanpost.jp,1524645513,1526170159
912,Spencer Elwood,selwoodpb@flickr.com,1528113229,1529641342
913,Pearla Dunster,pdunsterpc@usgs.gov,1530110584,1531640695
914,Roanna Wixey,rwixeypd@techcrunch.com,1514948055,1516463003
915,Sue Meco,smecope@wix.com,1526304396,1527830700
916,Gaston Garforth,ggarforthpf@elpais.com,1515990911,1517506902
917,Elenore Bertwistle,ebertwistlepg@geocities.com,1523024202,1524547226
918,Ashleigh Towne,atowneph@zimbio.com,1526344226,1527870570
919,Bertie Janse,bjansepi@cocolog-nifty.com,1528741929,1530270671
920,Sheela Creasey,screaseypj@cmu.edu,1519610032,1521129642
921,Joelie Tonnesen,jtonnesenpk@nymag.com,1525588543,1527114132
922,Carleen Vaughton,cvaughtonpl@discuz.net,1529858090,1531387948
923,Ebenezer Cullip,ecullippm@list-manage.com,1526114958,1527641073
924,Esme Elvidge,eelvidgepn@quantcast.com,1515264012,1516779276
925,Benny Binyon,bbinyonpo@tuttocitta.it,1516266244,1517782510
926,Farlay Clarricoates,fclarricoatespp@admin.ch,1527110752,1528637863
927,Panchito Truett,ptruettpq@bloglovin.com,1526649335,1528175984
928,Bron Iorillo,biorillopr@smh.com.au,1524158744,1525682903
929,Godfrey Fancott,gfancottps@unblog.fr,1518767212,1520285979
930,Bette-ann Hunston,bhunstonpt@yahoo.com,1523954567,1525478522
931,Buddy Goodby,bgoodbypu@wikimedia.org,1515854105,1517369959
932,Land de Quesne,ldepv@hao123.com,1529368082,1530897450
933,Griffy Connolly,gconnollypw@wikia.com,1520687414,1522208101
934,Benedetta Budcock,bbudcockpx@nationalgeographic.com,1521269732,1522791002
935,Renado Soar,rsoarpy@multiply.com,1527256463,1528783719
936,Stacy Brewitt,sbrewittpz@google.cn,1529485983,1531015469
937,Kala Shevlin,kshevlinq0@nytimes.com,1528987620,1530516608
938,Gallagher Snoddin,gsnoddinq1@ehow.com,1518404675,1519923080
939,Ree Guyonnet,rguyonnetq2@moonfruit.com,1519740911,1521260652
940,Illa Zanicchelli,izanicchelliq3@deviantart.com,1526506813,1528033320
941,Franklin Carlisi,fcarlisiq4@discuz.net,1526499782,1528026282
942,Nadia Bazelle,nbazelleq5@huffingtonpost.com,1526273709,1527799983
943,Erin Surgison,esurgisonq6@ftc.gov,1516772609,1518289382
944,Husain Forsythe,hforsytheq7@army.mil,1525013329,1526538342
945,Wyatan Mucci,wmucciq8@yandex.ru,1515988862,1517504851
946,Godwin Carletto,gcarlettoq9@walmart.com,1523252828,1524776081
947,Franzen Marzellano,fmarzellanoqa@gnu.org,1519740990,1521260731
948,Rufe Lever,rleverqb@weather.com,1519121448,1520640569
949,Bibi Conville,bconvilleqc@apple.com,1517432045,1518949477
950,Glynda Aylward,gaylwardqd@twitpic.com,1529780165,1531309945
951,Basilius Frawley,bfrawleyqe@omniture.com,1526111289,1527637400
952,Gardner Davana,gdavanaqf@ovh.net,1523869339,1525393208
953,Ginnie Toffetto,gtoffettoqg@a8.net,1519797958,1521317756
954,Dewain Tuddenham,dtuddenhamqh@stanford.edu,1529428540,1530957969
955,Jo-anne Isacoff,jisacoffqi@t-online.de,1518258810,1519777069
956,Tammara Mordon,tmordonqj@japanpost.jp,1515012788,1516527801
957,Waiter Lonnon,wlonnonqk@va.gov,1520706105,1522226811
958,Nicol Croft,ncroftql@upenn.edu,1525921272,1527447193
959,Jayson Rignoldes,jrignoldesqm@illinois.edu,1515856828,1517372685
960,Saleem Beining,sbeiningqn@skype.com,1520681801,1522202483
961,Hyman Dielhenn,hdielhennqo@printfriendly.com,1515096677,1516611774
962,Nissa Kornalik,nkornalikqp@163.com,1520849613,1522370463
963,Bobbee Cronk,bcronkqq@sogou.com,1521731478,1523253209
964,Yovonnda Flower,yflowerqr@ustream.tv,1524802420,1526327222
965,Rowen Brackenbury,rbrackenburyqs@salon.com,1526130652,1527656783
966,Rae Spadaro,rspadaroqt@miitbeian.gov.cn,1514889807,1516404697
967,Wainwright Bellerby,wbellerbyqu@typepad.com,1524840476,1526365316
968,Maurie Curgenven,mcurgenvenqv@angelfire.com,1525849436,1527375285
969,Ardella Brecknock,abrecknockqw@simplemachines.org,1528691939,1530220631
970,Armando Kingston,akingstonqx@zimbio.com,1517247815,1518765063
971,Jeremie De Paoli,jdeqy@wix.com,1523265410,1524788675
972,Phillis Bettis,pbettisqz@constantcontact.com,1527848725,1529376574
973,Saundra Houchen,shouchenr0@webnode.com,1519533331,1521052864
974,Jacquelynn Ferrer,jferrerr1@techcrunch.com,1528311952,1529840264
975,Charisse Blindmann,cblindmannr2@altervista.org,1527113403,1528640516
976,Livvie Stadden,lstaddenr3@imdb.com,1519414153,1520933567
977,Ameline Aspall,aaspallr4@t.co,1522116247,1523638363
978,Leda Itzhak,litzhakr5@odnoklassniki.ru,1522702766,1524225469
979,Jessie Marien,jmarienr6@gmpg.org,1529151982,1530681134
980,Egon Vince,evincer7@dot.gov,1519470953,1520990424
981,Sioux Sommerlie,ssommerlier8@gov.uk,1529239589,1530768829
982,Aurelia Ewbanck,aewbanckr9@blinklist.com,1525700636,1527226337
983,Clerissa Pickford,cpickfordra@europa.eu,1521297803,1522819101
984,Colin Kerrich,ckerrichrb@hatena.ne.jp,1523970112,1525494082
985,Davine Slimmon,dslimmonrc@netvibes.com,1523117623,1524640741
986,Fonsie Mepsted,fmepstedrd@cdc.gov,1523342775,1524866118
987,Tallou Costellow,tcostellowre@freewebs.com,1514845662,1516360508
988,Cooper Vannuccini,cvannuccinirf@jiathis.com,1519389246,1520908635
989,Terencio Kuscha,tkuscharg@salon.com,1524538106,1526062644
990,Desmund Mosdill,dmosdillrh@si.edu,1522692710,1524215403
991,Lorianne Rowles,lrowlesri@jalbum.net,1523462657,1524986120
992,Dani Grafton,dgraftonrj@netvibes.com,1522025484,1523547509
993,Legra Chamberlaine,lchamberlainerk@mapquest.com,1514872634,1516387507
994,Maggi Dargie,mdargierl@mapquest.com,1525570014,1527095584
995,Essy Nation,enationrm@webs.com,1516245941,1517762187
996,Evan Doelle,edoellern@apache.org,1521596244,1523117840
997,Lammond Eaglestone,leaglestonero@typepad.com,1529942992,1531472935
998,Warren Siaskowski,wsiaskowskirp@dyndns.org,1529340800,1530870141
999,Lilyan Carberry,lcarberryrq@mit.edu,1519465156,1520984621
1000,Pierce Gyenes,pgyenesrr@slate.com,1529561275,1531090836
